[
  {
    "id": "81a71a49-761d-4952-8967-8def55272a4c",
    "data": [
      {
        "text": "ola",
        "meta": "@sys.ignore",
        "userDefined": false
      }
    ],
    "isTemplate": false,
    "count": 0,
    "updated": 0
  },
  {
    "id": "4a9a00e4-cf04-44e3-902c-0b1ad53f9fc2",
    "data": [
      {
        "text": "hola",
        "userDefined": false
      }
    ],
    "isTemplate": false,
    "count": 0,
    "updated": 0
  },
  {
    "id": "7c7f3c71-fa34-477b-851e-f0c61ae61d07",
    "data": [
      {
        "text": "hola buenas tardes",
        "userDefined": false
      }
    ],
    "isTemplate": false,
    "count": 0,
    "updated": 0
  },
  {
    "id": "1dd8c46e-ca12-4e6d-88b3-7737a70861c4",
    "data": [
      {
        "text": "hola buenos dias",
        "userDefined": false
      }
    ],
    "isTemplate": false,
    "count": 0,
    "updated": 0
  }
]