[
  {
    "value": "limonada",
    "synonyms": [
      "limonada"
    ]
  },
  {
    "value": "chicha morada",
    "synonyms": [
      "chicha morada"
    ]
  },
  {
    "value": "inka kola",
    "synonyms": [
      "inka kola"
    ]
  },
  {
    "value": "locro de zapallo",
    "synonyms": [
      "locro de zapallo"
    ]
  },
  {
    "value": "olluco con carne",
    "synonyms": [
      "olluco con carne"
    ]
  },
  {
    "value": "tallarin con apanado",
    "synonyms": [
      "tallarin con apanado"
    ]
  },
  {
    "value": "arroz con pollo",
    "synonyms": [
      "arroz con pollo"
    ]
  },
  {
    "value": "lomo saltado",
    "synonyms": [
      "lomo saltado"
    ]
  }
]